Date,ECG
2021-01-01 00:00:00,1.764052345967664
2021-01-01 00:00:01,0.4001572083672233
2021-01-01 00:00:02,0.9787379841057392
2021-01-01 00:00:03,2.240893199201458
2021-01-01 00:00:04,1.8675579901499677
2021-01-01 00:00:05,-0.977277879876411
2021-01-01 00:00:06,0.9500884175255894
2021-01-01 00:00:07,-0.1513572082976979
2021-01-01 00:00:08,-0.1032188517935578
2021-01-01 00:00:09,0.4105985019383723
2021-01-01 00:00:10,0.144043571160878
2021-01-01 00:00:11,1.454273506962975
2021-01-01 00:00:12,0.7610377251469934
2021-01-01 00:00:13,0.1216750164928284
2021-01-01 00:00:14,0.4438632327454256
2021-01-01 00:00:15,0.3336743273742668
2021-01-01 00:00:16,1.494079073157606
2021-01-01 00:00:17,-0.2051582637658008
2021-01-01 00:00:18,0.3130677016509013
2021-01-01 00:00:19,-0.8540957393017248
2021-01-01 00:00:20,-2.5529898158340787
2021-01-01 00:00:21,0.6536185954403606
2021-01-01 00:00:22,0.8644361988595057
2021-01-01 00:00:23,-0.7421650204064419
2021-01-01 00:00:24,2.269754623987608
2021-01-01 00:00:25,-1.4543656745987648
2021-01-01 00:00:26,0.045758517301446
2021-01-01 00:00:27,-0.1871838500258336
2021-01-01 00:00:28,1.5327792143584575
2021-01-01 00:00:29,1.469358769900285
2021-01-01 00:00:30,0.1549474256969163
2021-01-01 00:00:31,0.3781625196021735
2021-01-01 00:00:32,-0.8877857476301128
2021-01-01 00:00:33,-1.980796468223927
2021-01-01 00:00:34,-0.3479121493261526
2021-01-01 00:00:35,0.15634896910398
2021-01-01 00:00:36,1.2302906807277207
2021-01-01 00:00:37,1.2023798487844113
2021-01-01 00:00:38,-0.3873268174079523
2021-01-01 00:00:39,-0.3023027505753355
2021-01-01 00:00:40,-1.0485529650670926
2021-01-01 00:00:41,-1.4200179371789752
2021-01-01 00:00:42,-1.7062701906250126
2021-01-01 00:00:43,1.9507753952317897
2021-01-01 00:00:44,-0.5096521817516535
2021-01-01 00:00:45,-0.4380743016111864
2021-01-01 00:00:46,-1.2527953600499262
2021-01-01 00:00:47,0.7774903558319101
2021-01-01 00:00:48,-1.6138978475579515
2021-01-01 00:00:49,-0.2127402802139687
2021-01-01 00:00:50,-0.8954665611936756
2021-01-01 00:00:51,0.386902497859262
2021-01-01 00:00:52,-0.510805137568873
2021-01-01 00:00:53,-1.180632184122412
2021-01-01 00:00:54,-0.0281822283386548
2021-01-01 00:00:55,0.4283318705304176
2021-01-01 00:00:56,0.0665172223831678
2021-01-01 00:00:57,0.3024718977397814
2021-01-01 00:00:58,-0.6343220936809636
2021-01-01 00:00:59,-0.3627411659871381
2021-01-01 00:01:00,-0.672460447775951
2021-01-01 00:01:01,-0.3595531615405413
2021-01-01 00:01:02,-0.813146282044454
2021-01-01 00:01:03,-1.7262826023316769
2021-01-01 00:01:04,0.1774261422537528
2021-01-01 00:01:05,-0.4017809362082619
2021-01-01 00:01:06,-1.6301983469660446
2021-01-01 00:01:07,0.4627822555257742
2021-01-01 00:01:08,-0.9072983643832422
2021-01-01 00:01:09,0.0519453957961389
2021-01-01 00:01:10,0.7290905621775369
2021-01-01 00:01:11,0.1289829107574106
2021-01-01 00:01:12,1.139400684543301
2021-01-01 00:01:13,-1.2348258203536526
2021-01-01 00:01:14,0.402341641177549
2021-01-01 00:01:15,-0.6848100909403132
2021-01-01 00:01:16,-0.8707971491818818
2021-01-01 00:01:17,-0.5788496647644155
2021-01-01 00:01:18,-0.3115525321273726
2021-01-01 00:01:19,0.0561653422297454
2021-01-01 00:01:20,-1.1651498407833565
2021-01-01 00:01:21,0.9008264869541872
2021-01-01 00:01:22,0.4656624397304598
2021-01-01 00:01:23,-1.5362436862772235
2021-01-01 00:01:24,1.4882521937955997
2021-01-01 00:01:25,1.8958891760305832
2021-01-01 00:01:26,1.1787795711596507
2021-01-01 00:01:27,-0.1799248358123509
2021-01-01 00:01:28,-1.0707526215105423
2021-01-01 00:01:29,1.0544517269311366
2021-01-01 00:01:30,-0.4031769469731796
2021-01-01 00:01:31,1.2224450703824274
2021-01-01 00:01:32,0.2082749780768603
2021-01-01 00:01:33,0.9766390364837128
2021-01-01 00:01:34,0.3563663971744019
2021-01-01 00:01:35,0.7065731681919482
2021-01-01 00:01:36,0.0105000207208204
2021-01-01 00:01:37,1.7858704939058352
2021-01-01 00:01:38,0.1269120927036199
2021-01-01 00:01:39,0.4019893634447016
2021-01-01 00:01:40,1.8831506970562544
2021-01-01 00:01:41,-1.3477590611424464
2021-01-01 00:01:42,-1.2704849984857336
2021-01-01 00:01:43,0.9693967081580112
2021-01-01 00:01:44,-1.17312340511416
2021-01-01 00:01:45,1.9436211856492929
2021-01-01 00:01:46,-0.4136189807597473
2021-01-01 00:01:47,-0.7474548114407578
2021-01-01 00:01:48,1.9229420264803847
2021-01-01 00:01:49,1.4805147914344243
2021-01-01 00:01:50,1.8675589604265697
2021-01-01 00:01:51,0.9060446582753852
2021-01-01 00:01:52,-0.8612256850547025
2021-01-01 00:01:53,1.9100649530990337
2021-01-01 00:01:54,-0.2680033709513804
2021-01-01 00:01:55,0.8024563957963952
2021-01-01 00:01:56,0.947251967773748
2021-01-01 00:01:57,-0.1550100930908342
2021-01-01 00:01:58,0.6140793703460803
2021-01-01 00:01:59,0.9222066715665268
2021-01-01 00:02:00,0.3764255311556294
2021-01-01 00:02:01,-1.0994007905841945
2021-01-01 00:02:02,0.298238174206056
2021-01-01 00:02:03,1.3263858966870303
2021-01-01 00:02:04,-0.6945678597313655
2021-01-01 00:02:05,-0.1496345403276707
2021-01-01 00:02:06,-0.4351535517216374
2021-01-01 00:02:07,1.8492637284793416
2021-01-01 00:02:08,0.6722947570124355
2021-01-01 00:02:09,0.4074618362411104
2021-01-01 00:02:10,-0.7699160744453164
2021-01-01 00:02:11,0.5392491912918173
2021-01-01 00:02:12,-0.6743326606573761
2021-01-01 00:02:13,0.0318305582743511
2021-01-01 00:02:14,-0.635846078378881
2021-01-01 00:02:15,0.6764332949464997
2021-01-01 00:02:16,0.5765908166149409
2021-01-01 00:02:17,-0.2082987555779948
2021-01-01 00:02:18,0.3960067126616453
2021-01-01 00:02:19,-1.0930615087305058
2021-01-01 00:02:20,-1.4912575927056055
2021-01-01 00:02:21,0.4393917012645369
2021-01-01 00:02:22,0.166673495372529
2021-01-01 00:02:23,0.6350314368921064
2021-01-01 00:02:24,2.383144774863942
2021-01-01 00:02:25,0.9444794869904138
2021-01-01 00:02:26,-0.9128222254441586
2021-01-01 00:02:27,1.117016288095853
2021-01-01 00:02:28,-1.3159074105115212
2021-01-01 00:02:29,-0.461584604814709
2021-01-01 00:02:30,-0.0682416053246312
2021-01-01 00:02:31,1.7133427216493666
2021-01-01 00:02:32,-0.7447548220484399
2021-01-01 00:02:33,-0.8264385386590144
2021-01-01 00:02:34,-0.0984525244254323
2021-01-01 00:02:35,-0.6634782863621074
2021-01-01 00:02:36,1.126635922106507
2021-01-01 00:02:37,-1.079931508363423
2021-01-01 00:02:38,-1.1474686524111024
2021-01-01 00:02:39,-0.437820044744434
2021-01-01 00:02:40,-0.4980324506923049
2021-01-01 00:02:41,1.9295320538169856
2021-01-01 00:02:42,0.9494208069257608
2021-01-01 00:02:43,0.0875512413851909
2021-01-01 00:02:44,-1.225435518830168
2021-01-01 00:02:45,0.8443629764015471
2021-01-01 00:02:46,-1.0002153473895647
2021-01-01 00:02:47,-1.5447710967776116
2021-01-01 00:02:48,1.1880297923523018
2021-01-01 00:02:49,0.3169426119248496
2021-01-01 00:02:50,0.920858823780819
2021-01-01 00:02:51,0.3187276529430212
2021-01-01 00:02:52,0.8568306119026912
2021-01-01 00:02:53,-0.6510255933001469
2021-01-01 00:02:54,-1.034242841784465
2021-01-01 00:02:55,0.681594518281627
2021-01-01 00:02:56,-0.8034096641738411
2021-01-01 00:02:57,-0.6895497777502005
2021-01-01 00:02:58,-0.4555325035173431
2021-01-01 00:02:59,0.0174791590250567
2021-01-01 00:03:00,-0.3539939112534839
2021-01-01 00:03:01,-1.3749512934180188
2021-01-01 00:03:02,-0.6436184028328905
2021-01-01 00:03:03,-2.223403152224426
2021-01-01 00:03:04,0.6252314510271875
2021-01-01 00:03:05,-1.6020576556067476
2021-01-01 00:03:06,-1.1043833394284506
2021-01-01 00:03:07,0.0521650792609744
2021-01-01 00:03:08,-0.7395629963913133
2021-01-01 00:03:09,1.5430145954067358
2021-01-01 00:03:10,-1.2928569097234486
2021-01-01 00:03:11,0.2670508693491829
2021-01-01 00:03:12,-0.0392828182274956
2021-01-01 00:03:13,-1.1680934977411974
2021-01-01 00:03:14,0.5232766605317537
2021-01-01 00:03:15,-0.1715463312222481
2021-01-01 00:03:16,0.7717905512136674
2021-01-01 00:03:17,0.8235041539637314
2021-01-01 00:03:18,2.16323594928069
2021-01-01 00:03:19,1.336527949436392
2021-01-01 00:03:20,-0.3691818379424436
2021-01-01 00:03:21,-0.2393791775759264
2021-01-01 00:03:22,1.0996595958871132
2021-01-01 00:03:23,0.6552637307225978
2021-01-01 00:03:24,0.640131526097592
2021-01-01 00:03:25,-1.6169560443108344
2021-01-01 00:03:26,-0.0243261243989356
2021-01-01 00:03:27,-0.7380309092056887
2021-01-01 00:03:28,0.2799245990432382
2021-01-01 00:03:29,-0.0981503896429579
2021-01-01 00:03:30,0.910178908092592
2021-01-01 00:03:31,0.317218215191302
2021-01-01 00:03:32,0.7863279621089762
2021-01-01 00:03:33,-0.466419096735943
2021-01-01 00:03:34,-0.9444462559182504
2021-01-01 00:03:35,-0.4100496932025484
2021-01-01 00:03:36,-0.0170204138614405
2021-01-01 00:03:37,0.3791517355550818
2021-01-01 00:03:38,2.259308950690852
2021-01-01 00:03:39,-0.0422571516606426
2021-01-01 00:03:40,-0.955945000492777
2021-01-01 00:03:41,-0.3459817756993864
2021-01-01 00:03:42,-0.4635959746460942
2021-01-01 00:03:43,0.4814814737734622
2021-01-01 00:03:44,-1.5407970144446248
2021-01-01 00:03:45,0.0632619942003317
2021-01-01 00:03:46,0.1565065379653756
2021-01-01 00:03:47,0.2321810362002757
2021-01-01 00:03:48,-0.5973160689653627
2021-01-01 00:03:49,-0.237921729736007
2021-01-01 00:03:50,-1.4240609089825316
2021-01-01 00:03:51,-0.493319883362194
2021-01-01 00:03:52,-0.5428614760167177
2021-01-01 00:03:53,0.4160500462614255
2021-01-01 00:03:54,-1.1561824318219127
2021-01-01 00:03:55,0.7811981017099934
2021-01-01 00:03:56,1.4944845444913688
2021-01-01 00:03:57,-2.0699850250135325
2021-01-01 00:03:58,0.4262587307781009
2021-01-01 00:03:59,0.6769080350302455
2021-01-01 00:04:00,-0.637437025552229
2021-01-01 00:04:01,-0.3972718143287976
2021-01-01 00:04:02,-0.1328805775869556
2021-01-01 00:04:03,-0.2977908794017283
2021-01-01 00:04:04,-0.3090129690471222
2021-01-01 00:04:05,-1.6760038063299767
2021-01-01 00:04:06,1.15233156478312
2021-01-01 00:04:07,1.079618592036821
2021-01-01 00:04:08,-0.8133642592042029
2021-01-01 00:04:09,-1.466424327802514
2021-01-01 00:04:10,0.5210648764527586
2021-01-01 00:04:11,-0.5757879698130661
2021-01-01 00:04:12,0.1419531633207796
2021-01-01 00:04:13,-0.3193284171450952
2021-01-01 00:04:14,0.6915387510701866
2021-01-01 00:04:15,0.6947491436560059
2021-01-01 00:04:16,-0.7255973784635843
2021-01-01 00:04:17,-1.3833639553950554
2021-01-01 00:04:18,-1.582938397335082
2021-01-01 00:04:19,0.6103793791072052
2021-01-01 00:04:20,-1.188859257784029
2021-01-01 00:04:21,-0.5068163542986875
2021-01-01 00:04:22,-0.5963140384505081
2021-01-01 00:04:23,-0.0525672962695462
2021-01-01 00:04:24,-1.936279805846507
2021-01-01 00:04:25,0.1887785967938285
2021-01-01 00:04:26,0.5238910238342056
2021-01-01 00:04:27,0.0884220870446614
2021-01-01 00:04:28,-0.3108861716984717
2021-01-01 00:04:29,0.0974001662687834
2021-01-01 00:04:30,0.3990463456401302
2021-01-01 00:04:31,-2.77259275642665
2021-01-01 00:04:32,1.9559123082506944
2021-01-01 00:04:33,0.3900933226879264
2021-01-01 00:04:34,-0.65240858238702
2021-01-01 00:04:35,-0.3909533751876011
2021-01-01 00:04:36,0.4937417773491884
2021-01-01 00:04:37,-0.1161039390343665
2021-01-01 00:04:38,-2.0306844677814944
2021-01-01 00:04:39,2.0644928613593194
2021-01-01 00:04:40,-0.1105406572324726
2021-01-01 00:04:41,1.0201727117157997
2021-01-01 00:04:42,-0.6920498477843912
2021-01-01 00:04:43,1.5363770542457975
2021-01-01 00:04:44,0.2863436888922795
2021-01-01 00:04:45,0.6088438344754508
2021-01-01 00:04:46,-1.0452533661469547
2021-01-01 00:04:47,1.2111452896827009
2021-01-01 00:04:48,0.6898181645347884
2021-01-01 00:04:49,1.3018462295649984
2021-01-01 00:04:50,-0.6280875596415789
2021-01-01 00:04:51,-0.4810271184607877
2021-01-01 00:04:52,2.303916697683942
2021-01-01 00:04:53,-1.0600158227215473
2021-01-01 00:04:54,-0.1359497006783208
2021-01-01 00:04:55,1.1368913626026953
2021-01-01 00:04:56,0.0977249677148556
2021-01-01 00:04:57,0.5829536797532936
2021-01-01 00:04:58,-0.3994490292628752
2021-01-01 00:04:59,0.3700558878475187
2021-01-01 00:05:00,-1.3065268517353166
2021-01-01 00:05:01,1.658130679618188
2021-01-01 00:05:02,-0.1181640451285697
2021-01-01 00:05:03,-0.6801782039968504
2021-01-01 00:05:04,0.6663830820319143
2021-01-01 00:05:05,-0.4607197873885533
2021-01-01 00:05:06,-1.3342584714027534
2021-01-01 00:05:07,-1.3467175057975551
2021-01-01 00:05:08,0.6937731526901325
2021-01-01 00:05:09,-0.1595734381462669
2021-01-01 00:05:10,-0.1337015596684391
2021-01-01 00:05:11,1.0777438059762627
2021-01-01 00:05:12,-1.1268258087567435
2021-01-01 00:05:13,-0.7306777528648248
2021-01-01 00:05:14,-0.3848798091812754
2021-01-01 00:05:15,0.094351589317074
2021-01-01 00:05:16,-0.0421714512905789
2021-01-01 00:05:17,-0.2868871923899076
2021-01-01 00:05:18,-0.0616264020956474
2021-01-01 00:05:19,-0.1073052762911746
2021-01-01 00:05:20,-0.7196043885517929
2021-01-01 00:05:21,-0.8129929885540773
2021-01-01 00:05:22,0.2745163577239395
2021-01-01 00:05:23,-0.8909150829955279
2021-01-01 00:05:24,-1.1573552591908536
2021-01-01 00:05:25,-0.3122922511256933
2021-01-01 00:05:26,-0.1576670161638159
2021-01-01 00:05:27,2.2567234972982093
2021-01-01 00:05:28,-0.7047002758562337
2021-01-01 00:05:29,0.9432607249694948
2021-01-01 00:05:30,0.7471883342046318
2021-01-01 00:05:31,-1.188944955203736
2021-01-01 00:05:32,0.7732529774025997
2021-01-01 00:05:33,-1.1838806401933175
2021-01-01 00:05:34,-2.659172237996741
2021-01-01 00:05:35,0.6063195243593807
2021-01-01 00:05:36,-1.7558905834377194
2021-01-01 00:05:37,0.4509344618059148
2021-01-01 00:05:38,-0.6840108977372166
2021-01-01 00:05:39,1.659550796189872
2021-01-01 00:05:40,1.068509399316009
2021-01-01 00:05:41,-0.4533858038513876
2021-01-01 00:05:42,-0.6878376110286823
2021-01-01 00:05:43,-1.2140774030941206
2021-01-01 00:05:44,-0.4409226322925914
2021-01-01 00:05:45,-0.2803554951845091
2021-01-01 00:05:46,-0.3646935443916854
2021-01-01 00:05:47,0.1567038552723639
2021-01-01 00:05:48,0.5785214977288784
2021-01-01 00:05:49,0.349654456993174
2021-01-01 00:05:50,-0.764143923906443
2021-01-01 00:05:51,-1.4377914738015785
2021-01-01 00:05:52,1.3645318481024713
2021-01-01 00:05:53,-0.6894491845499376
2021-01-01 00:05:54,-0.6522935999350191
2021-01-01 00:05:55,-0.5211893123011109
2021-01-01 00:05:56,-1.8430695501566483
2021-01-01 00:05:57,-0.4779740040404867
2021-01-01 00:05:58,-0.4796558140079476
2021-01-01 00:05:59,0.6203582983435125
2021-01-01 00:06:00,0.698457149107336
2021-01-01 00:06:01,0.0037708890862693
2021-01-01 00:06:02,0.9318483741143035
2021-01-01 00:06:03,0.339964983801262
2021-01-01 00:06:04,-0.0156821116025547
2021-01-01 00:06:05,0.1609281682982229
2021-01-01 00:06:06,-0.1906534935813993
2021-01-01 00:06:07,-0.3948495140334503
2021-01-01 00:06:08,-0.2677335368939664
2021-01-01 00:06:09,-1.1280113314700069
2021-01-01 00:06:10,0.280441705316296
2021-01-01 00:06:11,-0.9931236109295808
2021-01-01 00:06:12,0.8416312640736364
2021-01-01 00:06:13,-0.2494585801609488
2021-01-01 00:06:14,0.0494949816500907
2021-01-01 00:06:15,0.4938367762809563
2021-01-01 00:06:16,0.6433144650629279
2021-01-01 00:06:17,-1.5706234086334527
2021-01-01 00:06:18,-0.2069036761639717
2021-01-01 00:06:19,0.8801789120807822
2021-01-01 00:06:20,-1.6981058194322545
2021-01-01 00:06:21,0.3872804753950634
2021-01-01 00:06:22,-2.2555642294021894
2021-01-01 00:06:23,-1.0225068436356035
2021-01-01 00:06:24,0.0386305518401881
2021-01-01 00:06:25,-1.6567151023219535
2021-01-01 00:06:26,-0.9855107376841508
2021-01-01 00:06:27,-1.4718350074635869
2021-01-01 00:06:28,1.6481349322075596
2021-01-01 00:06:29,0.1642277554873339
2021-01-01 00:06:30,0.5672902778526694
2021-01-01 00:06:31,-0.2226751005151545
2021-01-01 00:06:32,-0.353431748757199
2021-01-01 00:06:33,-1.6164741886510323
2021-01-01 00:06:34,-0.2918373627478628
2021-01-01 00:06:35,-0.7614922118116233
2021-01-01 00:06:36,0.8579239242923363
2021-01-01 00:06:37,1.1411018666575734
2021-01-01 00:06:38,1.4665787155741776
2021-01-01 00:06:39,0.852551939461232
2021-01-01 00:06:40,-0.5986539369229861
2021-01-01 00:06:41,-1.1158969859603944
2021-01-01 00:06:42,0.7666631816450861
2021-01-01 00:06:43,0.3562928174722889
2021-01-01 00:06:44,-1.7685384506770307
2021-01-01 00:06:45,0.355481792743769
2021-01-01 00:06:46,0.8145198224878664
2021-01-01 00:06:47,0.0589255891816299
2021-01-01 00:06:48,-0.1850536710093415
2021-01-01 00:06:49,-0.8076484876163557
2021-01-01 00:06:50,-1.446534699563388
2021-01-01 00:06:51,0.8002979493400275
2021-01-01 00:06:52,-0.3091144447717088
2021-01-01 00:06:53,-0.2334666615436927
2021-01-01 00:06:54,1.7327211869191332
2021-01-01 00:06:55,0.6845011068591904
2021-01-01 00:06:56,0.3708250012811021
2021-01-01 00:06:57,0.1420618051872356
2021-01-01 00:06:58,1.5199948607657727
2021-01-01 00:06:59,1.7195893074161943
2021-01-01 00:07:00,0.929505111479528
2021-01-01 00:07:01,0.5822245913979243
2021-01-01 00:07:02,-2.0946030712061448
2021-01-01 00:07:03,0.1237219142335065
2021-01-01 00:07:04,-0.130106954193704
2021-01-01 00:07:05,0.0939532293855687
2021-01-01 00:07:06,0.9430460873225178
2021-01-01 00:07:07,-2.7396771671895563
2021-01-01 00:07:08,-0.5693120534701851
2021-01-01 00:07:09,0.2699043549407613
2021-01-01 00:07:10,-0.4668455460527625
2021-01-01 00:07:11,-1.4169061131262597
2021-01-01 00:07:12,0.8689634868967954
2021-01-01 00:07:13,0.276871905846128
2021-01-01 00:07:14,-0.9711045704444846
2021-01-01 00:07:15,0.3148172045158238
2021-01-01 00:07:16,0.8215857120497958
2021-01-01 00:07:17,0.0052926462993608
2021-01-01 00:07:18,0.8005648034309968
2021-01-01 00:07:19,0.0782601751616613
2021-01-01 00:07:20,-0.3952289826543543
2021-01-01 00:07:21,-1.159420516399913
2021-01-01 00:07:22,-0.0859307669716127
2021-01-01 00:07:23,0.1942929380457716
2021-01-01 00:07:24,0.8758327615873309
2021-01-01 00:07:25,-0.1151074684872267
2021-01-01 00:07:26,0.4574156062209908
2021-01-01 00:07:27,-0.9646120137337284
2021-01-01 00:07:28,-0.7826291558275251
2021-01-01 00:07:29,-0.1103892990268877
2021-01-01 00:07:30,-1.054628463985014
2021-01-01 00:07:31,0.8202478373246812
2021-01-01 00:07:32,0.4631303293186071
2021-01-01 00:07:33,0.2790957643924534
2021-01-01 00:07:34,0.3389041252159445
2021-01-01 00:07:35,2.021043561484797
2021-01-01 00:07:36,-0.4688641879667956
2021-01-01 00:07:37,-2.201441285500558
2021-01-01 00:07:38,0.1993001968964652
2021-01-01 00:07:39,-0.0506035409616658
2021-01-01 00:07:40,-0.5175190425104033
2021-01-01 00:07:41,-0.97882985935877
2021-01-01 00:07:42,-0.4391895218021479
2021-01-01 00:07:43,0.1813384292178212
2021-01-01 00:07:44,-0.5028167006425383
2021-01-01 00:07:45,2.412453679543749
2021-01-01 00:07:46,-0.960504381633148
2021-01-01 00:07:47,-0.7931173627076716
2021-01-01 00:07:48,-2.2886200400145285
2021-01-01 00:07:49,0.251484415021537
2021-01-01 00:07:50,-2.01640662779976
2021-01-01 00:07:51,-0.5394546333745014
2021-01-01 00:07:52,-0.2756705345605569
2021-01-01 00:07:53,-0.7097279658468882
2021-01-01 00:07:54,1.738872677454511
2021-01-01 00:07:55,0.9943943913154988
2021-01-01 00:07:56,1.3191368763015756
2021-01-01 00:07:57,-0.8824188185499185
2021-01-01 00:07:58,1.1285940645145685
2021-01-01 00:07:59,0.4960009463439622
2021-01-01 00:08:00,0.7714059486768455
2021-01-01 00:08:01,1.0294388287827672
2021-01-01 00:08:02,-0.9087632459590532
2021-01-01 00:08:03,-0.4243176209779015
2021-01-01 00:08:04,0.8625960113284511
2021-01-01 00:08:05,-2.655619092974933
2021-01-01 00:08:06,1.5133280825732052
2021-01-01 00:08:07,0.553132064207584
2021-01-01 00:08:08,-0.0457039606602348
2021-01-01 00:08:09,0.2205076557571733
2021-01-01 00:08:10,-1.0299352833089763
2021-01-01 00:08:11,-0.3499433645891047
2021-01-01 00:08:12,1.1002843382203735
2021-01-01 00:08:13,1.2980219723262212
2021-01-01 00:08:14,2.69622405256358
2021-01-01 00:08:15,-0.0739246662804151
2021-01-01 00:08:16,-0.6585529668050037
2021-01-01 00:08:17,-0.5142339659399888
2021-01-01 00:08:18,-1.0180418752873648
2021-01-01 00:08:19,-0.0778547559408507
2021-01-01 00:08:20,0.3827324300122681
2021-01-01 00:08:21,-0.0342422805319538
2021-01-01 00:08:22,1.0963468456657983
2021-01-01 00:08:23,-0.2342158013445365
2021-01-01 00:08:24,-0.3474506524985633
2021-01-01 00:08:25,-0.5812684768603252
2021-01-01 00:08:26,-1.6326345262344952
2021-01-01 00:08:27,-1.567767724308454
2021-01-01 00:08:28,-1.1791579306376878
2021-01-01 00:08:29,1.3014280716647608
2021-01-01 00:08:30,0.8952602728899299
2021-01-01 00:08:31,1.3749640663929898
2021-01-01 00:08:32,-1.3322116545945015
2021-01-01 00:08:33,-1.96862468978602
2021-01-01 00:08:34,-0.6600563201340829
2021-01-01 00:08:35,0.175818953296028
2021-01-01 00:08:36,0.4986902749098275
2021-01-01 00:08:37,1.0479721559680528
2021-01-01 00:08:38,0.2842796708072146
2021-01-01 00:08:39,1.7426687806556311
2021-01-01 00:08:40,-0.2226056809483204
2021-01-01 00:08:41,-0.9130792180417964
2021-01-01 00:08:42,-1.6812182154944335
2021-01-01 00:08:43,-0.8889713580954499
2021-01-01 00:08:44,0.242117960985123
2021-01-01 00:08:45,-0.8887202573536308
2021-01-01 00:08:46,0.9367424635352573
2021-01-01 00:08:47,1.412327706037443
2021-01-01 00:08:48,-2.369586905226603
2021-01-01 00:08:49,0.8640523004976479
2021-01-01 00:08:50,-2.2396040586617367
2021-01-01 00:08:51,0.4014990550902875
2021-01-01 00:08:52,1.2248705641936597
2021-01-01 00:08:53,0.0648561063435761
2021-01-01 00:08:54,-1.2796891732042397
2021-01-01 00:08:55,-0.5854312042777726
2021-01-01 00:08:56,-0.2616454457109007
2021-01-01 00:08:57,-0.1822447837899429
2021-01-01 00:08:58,-0.202896840766667
2021-01-01 00:08:59,-0.1098827793093138
2021-01-01 00:09:00,0.2134800489101689
2021-01-01 00:09:01,-1.2085736537332212
2021-01-01 00:09:02,-0.2420198298702195
2021-01-01 00:09:03,1.5182611703557054
2021-01-01 00:09:04,-0.3846454231425177
2021-01-01 00:09:05,-0.4438360931551978
2021-01-01 00:09:06,1.0781973037142378
2021-01-01 00:09:07,-2.5591846663440965
2021-01-01 00:09:08,1.181378601288286
2021-01-01 00:09:09,-0.6319037580051673
2021-01-01 00:09:10,0.1639285724525866
2021-01-01 00:09:11,0.0963213559211968
2021-01-01 00:09:12,0.9424681192203938
2021-01-01 00:09:13,-0.2675947462353477
2021-01-01 00:09:14,-0.6780257815644504
2021-01-01 00:09:15,1.2978457906510987
2021-01-01 00:09:16,-2.36417381714118
2021-01-01 00:09:17,0.0203341817052432
2021-01-01 00:09:18,-1.3479254226291204
2021-01-01 00:09:19,-0.761573388256559
2021-01-01 00:09:20,2.011256681463137
2021-01-01 00:09:21,-0.044595426455857
2021-01-01 00:09:22,0.1950696971513811
2021-01-01 00:09:23,-1.7815628557055914
2021-01-01 00:09:24,-0.7290446587946957
2021-01-01 00:09:25,0.1965574007287849
2021-01-01 00:09:26,0.3547576931132181
2021-01-01 00:09:27,0.6168865543932788
2021-01-01 00:09:28,0.0086278989175763
2021-01-01 00:09:29,0.5270042084546597
2021-01-01 00:09:30,0.453781912635684
2021-01-01 00:09:31,-1.8297404110045317
2021-01-01 00:09:32,0.0370057219101495
2021-01-01 00:09:33,0.7679024077327037
2021-01-01 00:09:34,0.5898798207345195
2021-01-01 00:09:35,-0.3638588099707899
2021-01-01 00:09:36,-0.8056265075393678
2021-01-01 00:09:37,-1.1183119243216322
2021-01-01 00:09:38,-0.1310540115414123
2021-01-01 00:09:39,1.133079879559722
2021-01-01 00:09:40,-1.951804101481602
2021-01-01 00:09:41,-0.659891729729498
2021-01-01 00:09:42,-1.139802455426774
2021-01-01 00:09:43,0.7849575212405001
2021-01-01 00:09:44,-0.5543096265713009
2021-01-01 00:09:45,-0.4706376581547914
2021-01-01 00:09:46,-0.216949569936649
2021-01-01 00:09:47,0.4453932508947973
2021-01-01 00:09:48,-0.3923889981496367
2021-01-01 00:09:49,-3.046143054799926
2021-01-01 00:09:50,0.5433118913875197
2021-01-01 00:09:51,0.4390429576720425
2021-01-01 00:09:52,-0.2195410283312132
2021-01-01 00:09:53,-1.0840366206719343
2021-01-01 00:09:54,0.3517801106813583
2021-01-01 00:09:55,0.3792355335355867
2021-01-01 00:09:56,-0.4700328827008748
2021-01-01 00:09:57,-0.2167314705755386
2021-01-01 00:09:58,-0.9301565025243212
2021-01-01 00:09:59,-0.1785890920873291
2021-01-01 00:10:00,-1.550429345083481
2021-01-01 00:10:01,0.4173188210318355
2021-01-01 00:10:02,-0.944368490824294
2021-01-01 00:10:03,0.2381031478323121
2021-01-01 00:10:04,-1.4059629162678993
2021-01-01 00:10:05,-0.5900576458695397
2021-01-01 00:10:06,-0.1104894050659278
2021-01-01 00:10:07,-1.6606998118692633
2021-01-01 00:10:08,0.1151478731400921
2021-01-01 00:10:09,-0.3791475628799227
2021-01-01 00:10:10,-1.7423561978092306
2021-01-01 00:10:11,-1.3032427541123155
2021-01-01 00:10:12,0.6051200840821667
2021-01-01 00:10:13,0.895555985551324
2021-01-01 00:10:14,-0.131908639779967
2021-01-01 00:10:15,0.4047618120404975
2021-01-01 00:10:16,0.2238435633129107
2021-01-01 00:10:17,0.329622982127738
2021-01-01 00:10:18,1.285984007080293
2021-01-01 00:10:19,-1.506998398214272
2021-01-01 00:10:20,0.6764607323616232
2021-01-01 00:10:21,-0.3820089555778202
2021-01-01 00:10:22,-0.2242589342516403
2021-01-01 00:10:23,-0.30224973045507
2021-01-01 00:10:24,-0.3751471166612838
2021-01-01 00:10:25,-1.226196191783019
2021-01-01 00:10:26,0.1833391992576012
2021-01-01 00:10:27,1.6709430327888573
2021-01-01 00:10:28,-0.0561330204487571
2021-01-01 00:10:29,-0.0013850427350957
2021-01-01 00:10:30,-0.6872990371566635
2021-01-01 00:10:31,-0.1174745464181114
2021-01-01 00:10:32,0.4661664260340307
2021-01-01 00:10:33,-0.3702424407043429
2021-01-01 00:10:34,-0.453804041052001
2021-01-01 00:10:35,0.4032645401632468
2021-01-01 00:10:36,-0.9180047698190454
2021-01-01 00:10:37,0.2524966270768724
2021-01-01 00:10:38,0.8203217972614217
2021-01-01 00:10:39,1.3599485416794843
2021-01-01 00:10:40,-0.0903820072769468
2021-01-01 00:10:41,1.3675972398067135
2021-01-01 00:10:42,1.034409886481518
2021-01-01 00:10:43,-0.9962126403710662
2021-01-01 00:10:44,-1.217938511593151
2021-01-01 00:10:45,-0.3049636378544204
2021-01-01 00:10:46,1.0289354925948542
2021-01-01 00:10:47,-0.0722870075600049
2021-01-01 00:10:48,-0.6006575576577885
2021-01-01 00:10:49,1.5522431800485608
2021-01-01 00:10:50,0.2869044880033464
2021-01-01 00:10:51,-2.3205942757907416
2021-01-01 00:10:52,0.3171606262926887
2021-01-01 00:10:53,0.5200406145708678
2021-01-01 00:10:54,0.2256086544711038
2021-01-01 00:10:55,0.4497121002319925
2021-01-01 00:10:56,-0.0672756089229817
2021-01-01 00:10:57,-1.3183958696447342
2021-01-01 00:10:58,-0.3707040032204534
2021-01-01 00:10:59,-0.9456157955562914
2021-01-01 00:11:00,-0.9327409107943778
2021-01-01 00:11:01,-1.2630683491022754
2021-01-01 00:11:02,0.4524890926396464
2021-01-01 00:11:03,0.0978961454126271
2021-01-01 00:11:04,-0.448165362680708
2021-01-01 00:11:05,-0.6493379277303881
2021-01-01 00:11:06,-0.0234231050214521
2021-01-01 00:11:07,1.0791947281124892
2021-01-01 00:11:08,-2.004215715498915
2021-01-01 00:11:09,0.3768765208508927
2021-01-01 00:11:10,-0.5457119740177824
2021-01-01 00:11:11,-1.884585844979448
2021-01-01 00:11:12,-1.9457030831639588
2021-01-01 00:11:13,-0.9127834941352918
2021-01-01 00:11:14,0.2195095557930452
2021-01-01 00:11:15,0.3930629339800916
2021-01-01 00:11:16,-0.9389815726777851
2021-01-01 00:11:17,1.0170209914132446
2021-01-01 00:11:18,1.422983496516106
2021-01-01 00:11:19,0.3960865849565602
2021-01-01 00:11:20,-0.5914026678081108
2021-01-01 00:11:21,1.1244191845103682
2021-01-01 00:11:22,0.7553956956633383
2021-01-01 00:11:23,0.867407411354918
2021-01-01 00:11:24,-0.6564636749715315
2021-01-01 00:11:25,-2.8345545052747023
2021-01-01 00:11:26,2.116791021483676
2021-01-01 00:11:27,-1.6108784034499335
2021-01-01 00:11:28,-0.0357680718602211
2021-01-01 00:11:29,2.3807453512197503
2021-01-01 00:11:30,0.330576756274374
2021-01-01 00:11:31,0.9492464735582355
2021-01-01 00:11:32,-1.5023965693817127
2021-01-01 00:11:33,-1.7776669547337065
2021-01-01 00:11:34,-0.5327027919795545
2021-01-01 00:11:35,1.0907497344345
2021-01-01 00:11:36,-0.3462494476473099
2021-01-01 00:11:37,-0.7946363210714987
2021-01-01 00:11:38,0.1979672899449674
2021-01-01 00:11:39,1.0819352184772653
2021-01-01 00:11:40,-1.4449401990733717
2021-01-01 00:11:41,-1.2105429941233516
2021-01-01 00:11:42,-0.7886692545093662
2021-01-01 00:11:43,1.0946383747120914
2021-01-01 00:11:44,0.2348215259487319
2021-01-01 00:11:45,2.132153410570444
2021-01-01 00:11:46,0.9364457258311158
2021-01-01 00:11:47,-0.0350951768696703
2021-01-01 00:11:48,1.265077838088766
2021-01-01 00:11:49,0.211497012731878
2021-01-01 00:11:50,-0.7049213525074449
2021-01-01 00:11:51,0.6799748442451024
2021-01-01 00:11:52,-0.6963266538610828
2021-01-01 00:11:53,-0.2903971008038667
2021-01-01 00:11:54,1.327782695957983
2021-01-01 00:11:55,-0.1012814862173993
2021-01-01 00:11:56,-0.8031413873416283
2021-01-01 00:11:57,-0.4643376914354916
2021-01-01 00:11:58,1.021790585588673
2021-01-01 00:11:59,-0.5525406734167292
2021-01-01 00:12:00,-0.3868708468506465
2021-01-01 00:12:01,-0.5102927396336285
2021-01-01 00:12:02,0.1839254943403099
2021-01-01 00:12:03,-0.3854897603756083
2021-01-01 00:12:04,-1.601836048972537
2021-01-01 00:12:05,-0.8871809418450403
2021-01-01 00:12:06,-0.9327890415064384
2021-01-01 00:12:07,1.2433193844551549
2021-01-01 00:12:08,0.8126740421090424
2021-01-01 00:12:09,0.587259379399826
2021-01-01 00:12:10,-0.5053583172644099
2021-01-01 00:12:11,-0.8157915419939713
2021-01-01 00:12:12,-0.507517601657357
2021-01-01 00:12:13,-1.051880102551674
2021-01-01 00:12:14,2.497200391587007
2021-01-01 00:12:15,-2.245321648371402
2021-01-01 00:12:16,0.5640085350738091
2021-01-01 00:12:17,-1.2845522979925272
2021-01-01 00:12:18,-0.1043434914946926
2021-01-01 00:12:19,-0.9880019424937344
2021-01-01 00:12:20,-1.1776289624826308
2021-01-01 00:12:21,-1.1401963009349616
2021-01-01 00:12:22,1.7549861537420586
2021-01-01 00:12:23,-0.1329884223095919
2021-01-01 00:12:24,-0.7657021944780863
2021-01-01 00:12:25,0.555786964082873
2021-01-01 00:12:26,0.0103493145662993
2021-01-01 00:12:27,0.7200337593416528
2021-01-01 00:12:28,-1.82425665593783
2021-01-01 00:12:29,0.3036039044620014
2021-01-01 00:12:30,0.7726948371023817
2021-01-01 00:12:31,-1.6615982911145637
2021-01-01 00:12:32,0.4481952844233124
2021-01-01 00:12:33,1.6961815728281606
2021-01-01 00:12:34,-0.0148577033547027
2021-01-01 00:12:35,0.8214059370248112
2021-01-01 00:12:36,0.6705704503109099
2021-01-01 00:12:37,-0.7075056975105769
2021-01-01 00:12:38,0.0397667345864951
2021-01-01 00:12:39,-1.5669947108616025
2021-01-01 00:12:40,-0.4513030371025261
2021-01-01 00:12:41,0.2656879749662359
2021-01-01 00:12:42,0.7231004937377982
2021-01-01 00:12:43,0.0246121252479116
2021-01-01 00:12:44,0.7199837301431654
2021-01-01 00:12:45,-1.1029062129553695
2021-01-01 00:12:46,-0.1016972745548716
2021-01-01 00:12:47,0.0192793845130772
2021-01-01 00:12:48,1.8495912466796365
2021-01-01 00:12:49,-0.2141666562000842
2021-01-01 00:12:50,-0.4990166379941829
2021-01-01 00:12:51,0.0213512238435486
2021-01-01 00:12:52,-0.9191134448699436
2021-01-01 00:12:53,0.1927538490652161
2021-01-01 00:12:54,-0.3650552165462576
2021-01-01 00:12:55,-1.7913275480411837
2021-01-01 00:12:56,-0.0585865511338608
2021-01-01 00:12:57,-0.3175430939301992
2021-01-01 00:12:58,-1.6324233020679833
2021-01-01 00:12:59,-0.0671341546145217
2021-01-01 00:13:00,1.4893559620744805
2021-01-01 00:13:01,0.5213037482757137
2021-01-01 00:13:02,0.6119271927311578
2021-01-01 00:13:03,-1.3414967255830426
2021-01-01 00:13:04,0.4768983689222224
2021-01-01 00:13:05,0.148449581380078
2021-01-01 00:13:06,0.5290452383344316
2021-01-01 00:13:07,0.4226286217088256
2021-01-01 00:13:08,-1.3597807255038137
2021-01-01 00:13:09,-0.0414008115579674
2021-01-01 00:13:10,-0.757870860425166
2021-01-01 00:13:11,-0.050084094284822
2021-01-01 00:13:12,-0.8974009269018305
2021-01-01 00:13:13,1.3124703671409963
2021-01-01 00:13:14,-0.8589723884443423
2021-01-01 00:13:15,-0.898942156465536
2021-01-01 00:13:16,0.0745864065435535
2021-01-01 00:13:17,-1.0770990694039948
2021-01-01 00:13:18,-0.4246633024328657
2021-01-01 00:13:19,-0.8299645975379619
2021-01-01 00:13:20,1.4111720638896117
2021-01-01 00:13:21,0.7858038268311726
2021-01-01 00:13:22,-0.0574695184653946
2021-01-01 00:13:23,-0.3912170521740162
2021-01-01 00:13:24,0.9409176145751134
2021-01-01 00:13:25,0.405204080322888
2021-01-01 00:13:26,0.4980524046828567
2021-01-01 00:13:27,-0.0261922373442504
2021-01-01 00:13:28,-1.6882300277714322
2021-01-01 00:13:29,-0.1124659825595527
2021-01-01 00:13:30,-0.5324899192090677
2021-01-01 00:13:31,0.6450552734598769
2021-01-01 00:13:32,1.011842432994189
2021-01-01 00:13:33,-0.6579510447611686
2021-01-01 00:13:34,0.4683852342770516
2021-01-01 00:13:35,1.7358789976857132
2021-01-01 00:13:36,-0.667712720570559
2021-01-01 00:13:37,1.6819217400731377
2021-01-01 00:13:38,-0.852585847170647
2021-01-01 00:13:39,0.0229597556079514
2021-01-01 00:13:40,-0.0111456118418412
2021-01-01 00:13:41,0.0114988998700623
2021-01-01 00:13:42,-0.8376780419079453
2021-01-01 00:13:43,-0.5911831037644297
2021-01-01 00:13:44,-0.6677202863593994
2021-01-01 00:13:45,0.3269625954044574
2021-01-01 00:13:46,0.3300351145103116
2021-01-01 00:13:47,2.225944331738259
2021-01-01 00:13:48,1.3709890062911214
2021-01-01 00:13:49,-0.5098432421384791
2021-01-01 00:13:50,0.324869615796186
2021-01-01 00:13:51,0.9971179807917596
2021-01-01 00:13:52,0.0306018243385178
2021-01-01 00:13:53,-0.0696415784469355
2021-01-01 00:13:54,0.051574942769889
2021-01-01 00:13:55,0.8672766288084278
2021-01-01 00:13:56,-0.8483205228052325
2021-01-01 00:13:57,-0.3256694688201741
2021-01-01 00:13:58,0.4704331448464818
2021-01-01 00:13:59,0.3114470715541555
2021-01-01 00:14:00,0.2395827598563913
2021-01-01 00:14:01,-0.3698011663038032
2021-01-01 00:14:02,0.9725357891425368
2021-01-01 00:14:03,2.1338682472045374
2021-01-01 00:14:04,0.4064154936762062
2021-01-01 00:14:05,-0.1931767015498399
2021-01-01 00:14:06,0.7557402888945426
2021-01-01 00:14:07,-0.53913263675299
2021-01-01 00:14:08,-0.7496903447028966
2021-01-01 00:14:09,0.0328087476137118
2021-01-01 00:14:10,-2.582796632969945
2021-01-01 00:14:11,-1.1539503636520094
2021-01-01 00:14:12,-0.3479618559208458
2021-01-01 00:14:13,-1.3533888581477134
2021-01-01 00:14:14,-1.0326431018921296
2021-01-01 00:14:15,-0.4367483374580074
2021-01-01 00:14:16,-1.6429652935306092
2021-01-01 00:14:17,-0.4060717962598319
2021-01-01 00:14:18,-0.5352701645328445
2021-01-01 00:14:19,0.025405208385016
2021-01-01 00:14:20,1.1541840304940192
2021-01-01 00:14:21,0.1725044164928659
2021-01-01 00:14:22,0.0210620213420636
2021-01-01 00:14:23,0.0994544570307117
2021-01-01 00:14:24,0.2273927751211284
2021-01-01 00:14:25,-1.016738648609769
2021-01-01 00:14:26,-0.1147753247707981
2021-01-01 00:14:27,0.3087512418366131
2021-01-01 00:14:28,-1.3707599825430603
2021-01-01 00:14:29,0.8656529228158533
2021-01-01 00:14:30,1.0813760344581895
2021-01-01 00:14:31,-0.6313759884493888
2021-01-01 00:14:32,-0.2413377914531045
2021-01-01 00:14:33,-0.8781903428100731
2021-01-01 00:14:34,0.6993804835878171
2021-01-01 00:14:35,-1.0612222874459092
2021-01-01 00:14:36,-0.2224770102429203
2021-01-01 00:14:37,-0.8589199078076716
2021-01-01 00:14:38,0.0509542770112894
2021-01-01 00:14:39,-1.794229271489721
2021-01-01 00:14:40,1.3264616423656934
2021-01-01 00:14:41,-0.964606424206264
2021-01-01 00:14:42,0.059894683116276
2021-01-01 00:14:43,-0.2125230447703092
2021-01-01 00:14:44,-0.7621145119224981
2021-01-01 00:14:45,-0.8877801366359354
2021-01-01 00:14:46,0.9363985435524596
2021-01-01 00:14:47,-0.5256405931019397
2021-01-01 00:14:48,0.2711701846373109
2021-01-01 00:14:49,-0.8014968853943748
2021-01-01 00:14:50,-0.6471814318477607
2021-01-01 00:14:51,0.4722471500878487
2021-01-01 00:14:52,0.9304084961111164
2021-01-01 00:14:53,-0.1753164023270199
2021-01-01 00:14:54,-1.4219198716404369
2021-01-01 00:14:55,1.9979560797500049
2021-01-01 00:14:56,-0.8565493082342095
2021-01-01 00:14:57,-1.5415873996717877
2021-01-01 00:14:58,2.594424587768152
2021-01-01 00:14:59,-0.4040322938509371
2021-01-01 00:15:00,-1.461732688261408
2021-01-01 00:15:01,-0.6834397667886818
2021-01-01 00:15:02,0.367544896022269
2021-01-01 00:15:03,0.1903115575939397
2021-01-01 00:15:04,-0.85172919725359
2021-01-01 00:15:05,1.8227236001279596
2021-01-01 00:15:06,-0.5215796779933731
2021-01-01 00:15:07,-1.184686590411552
2021-01-01 00:15:08,0.9606933984606596
2021-01-01 00:15:09,1.3290628465396823
2021-01-01 00:15:10,-0.8174930976162265
2021-01-01 00:15:11,-1.4013472930393105
2021-01-01 00:15:12,1.0304382674156047
2021-01-01 00:15:13,-2.0473236130579617
2021-01-01 00:15:14,-1.2266216593966155
2021-01-01 00:15:15,0.967446150050235
2021-01-01 00:15:16,-0.0553525480223895
2021-01-01 00:15:17,-0.2639373485926878
2021-01-01 00:15:18,0.3528166064943783
2021-01-01 00:15:19,-0.1527744235454086
2021-01-01 00:15:20,-1.2986867221630902
2021-01-01 00:15:21,1.2760753460061875
2021-01-01 00:15:22,1.3250140528868153
2021-01-01 00:15:23,0.2053325637779597
2021-01-01 00:15:24,0.0451340154320102
2021-01-01 00:15:25,2.339624806020058
2021-01-01 00:15:26,-0.2764328450158372
2021-01-01 00:15:27,-0.2595769818340394
2021-01-01 00:15:28,0.3644812492405055
2021-01-01 00:15:29,1.4713219561423383
2021-01-01 00:15:30,1.5927707544174836
2021-01-01 00:15:31,-0.2585726316767712
2021-01-01 00:15:32,0.3083312459593452
2021-01-01 00:15:33,-1.3780834670640771
2021-01-01 00:15:34,-0.3119761079162129
2021-01-01 00:15:35,-0.8402903954793065
2021-01-01 00:15:36,-1.0068317522989838
2021-01-01 00:15:37,1.6815767162673276
2021-01-01 00:15:38,-0.7922866618061449
2021-01-01 00:15:39,-0.5316059080114549
2021-01-01 00:15:40,0.3658487879168582
2021-01-01 00:15:41,1.2978252669735857
2021-01-01 00:15:42,0.4811151263888354
2021-01-01 00:15:43,2.759355114021582
2021-01-01 00:15:44,-0.0746679782511495
2021-01-01 00:15:45,0.258716440229746
2021-01-01 00:15:46,0.2756006739840563
2021-01-01 00:15:47,1.4350493867891545
2021-01-01 00:15:48,0.5072389511096153
2021-01-01 00:15:49,-0.1162297003871491
2021-01-01 00:15:50,-0.9474885949068796
2021-01-01 00:15:51,0.2444434559616325
2021-01-01 00:15:52,1.4013448312919596
2021-01-01 00:15:53,-0.4103817936578706
2021-01-01 00:15:54,0.5289436184165822
2021-01-01 00:15:55,0.2461477886848441
2021-01-01 00:15:56,0.8635196583813146
2021-01-01 00:15:57,-0.8047537406378693
2021-01-01 00:15:58,2.3466470305265617
2021-01-01 00:15:59,-1.2791611070282582
2021-01-01 00:16:00,-0.3655510899860373
2021-01-01 00:16:01,0.9380925409056456
2021-01-01 00:16:02,0.2967331724941133
2021-01-01 00:16:03,0.8299861590811032
2021-01-01 00:16:04,-0.4961023339825623
2021-01-01 00:16:05,-0.074804982680341
2021-01-01 00:16:06,0.0122319836388173
2021-01-01 00:16:07,1.5692596145359043
2021-01-01 00:16:08,0.690429024383049
2021-01-01 00:16:09,0.7966721083646714
2021-01-01 00:16:10,-0.6579260925367952
2021-01-01 00:16:11,0.9688826385630508
2021-01-01 00:16:12,0.2255816635688035
2021-01-01 00:16:13,1.3891453156779274
2021-01-01 00:16:14,2.014060154918468
2021-01-01 00:16:15,-0.3067657760270045
2021-01-01 00:16:16,-0.4063031304450625
2021-01-01 00:16:17,-0.8640449911023695
2021-01-01 00:16:18,-0.1435795117163205
2021-01-01 00:16:19,-0.3820254489503836
2021-01-01 00:16:20,0.3595043995710101
2021-01-01 00:16:21,-0.1445668169337359
2021-01-01 00:16:22,-0.3615992807816198
2021-01-01 00:16:23,1.0645851361278518
2021-01-01 00:16:24,-0.9378802311514516
2021-01-01 00:16:25,0.4331079531513436
2021-01-01 00:16:26,-0.4059417271884834
2021-01-01 00:16:27,0.7243685048699644
2021-01-01 00:16:28,1.3852615467222305
2021-01-01 00:16:29,-0.3030982534240727
2021-01-01 00:16:30,0.4410329072731513
2021-01-01 00:16:31,0.1787928657331798
2021-01-01 00:16:32,-0.7994223995430966
2021-01-01 00:16:33,0.2407875097419384
2021-01-01 00:16:34,0.2891205052788121
2021-01-01 00:16:35,0.4128708204461747
2021-01-01 00:16:36,-0.1983988968200457
2021-01-01 00:16:37,0.0941923003101465
2021-01-01 00:16:38,-1.1476109448431353
2021-01-01 00:16:39,-0.3581140754798567
